smsa_name_clean,smsa_name,line_number,year,page_numbers
"ABILENE, TEX","ABILENE, TEX. | ABILENE, TEX..",4,1967,pages_01_02.json
"AKRON, OHIO","AKRON, OHIO | AKRON, OHIO.",7,1967,pages_01_02.json
"ALBANY, GA","ALBANY, GA. | ALBANY, GA..",10,1967,pages_01_02.json
"ALBANY-SCHENECTADY-TROY, NY","ALBANY-SCHENECTADY-TROY, N.Y. | ALBANY-SCHENECTADY-TROY, N.Y..",13,1967,pages_01_02.json
"ALBUQUERQUE, N MEX","ALBUQUERQUE, N. MEX.",6,1970,pages_01_02.json
"ALBUQUERQUE, NMEX","ALBUQUERQUE, N.MEX. | ALBUQUERQUE, N.MEX..",19,1967,pages_01_02.json
"ALEXANDRIA, LA","ALEXANDRIA, LA. | ALEXANDRIA, LA..",22,1971,pages_01_02.json
ALLENTOWN-BETH-EASTON PA-NJ,ALLENTOWN-BETH.-EASTON PA.-N.J.,25,1972,pages_01_02.json
"ALLENTOWN-BETHLEHEM-EASTON, PA-NJ","ALLENTOWN-BETHLEHEM-EASTON, PA.-N.J. | ALLENTOWN-BETHLEHEM-EASTON, PA.- N.J. | ALLENTOWN-BETHLEHEM-EASTON, PA.-N.J..",22,1967,pages_01_02.json
"ALTOONA, PA","ALTOONA, PA.",28,1967,pages_01_02.json
"AMARILLO, TEX","AMARILLO, TEX.",31,1967,pages_01_02.json
"ANAHEIM-SANTA ANA-GARDEN GR, CALIF","ANAHEIM-SANTA ANA-GARDEN GR., CALIF. | ANAHEIM-SANTA ANA-GARDEN GR., CALIF..",37,1973,pages_01_02.json
"ANAHEIM-SANTA ANA-GARDEN GROVE, CALIF","ANAHEIM-SANTA ANA-GARDEN GROVE, CALIF.",34,1967,pages_01_02.json
"ANCHORAGE, ALASKA","ANCHORAGE, ALASKA | ANCHORAGE, ALASKA.",43,1971,pages_01_02.json
"ANDERSON, IND","ANDERSON, IND.",40,1967,pages_01_02.json
"ANN ARBOR, MICH","ANN ARBOR, MICH.",43,1967,pages_01_02.json
"ANNISTON, ALA","ANNISTON, ALA.",52,1973,pages_01_02.json
"APPLETON-OSHKOSH, WIS","APPLETON-OSHKOSH, WIS.",52,1971,pages_01_02.json
"ASHEVILLE, NC","ASHEVILLE, N.C. | ASHEVILLE, N.C..",46,1967,pages_01_02.json
"ATLANTA, GA","ATLANTA, GA.",49,1967,pages_01_02.json
"ATLANTIC CITY, NJ","ATLANTIC CITY, N.J.",52,1967,pages_01_02.json
"AUGUSTA, GA-SC","AUGUSTA, GA.-S.C.",55,1967,pages_01_02.json
"AUSTIN, TEX","AUSTIN, TEX.",1,1967,pages_03_04.json
"BAKERSFIELD, CALIF","BAKERSFIELD, CALIF.",4,1967,pages_03_04.json
"BALTIMORE, MD","BALTIMORE, MD.",7,1967,pages_03_04.json
"BATON ROUGE, LA","BATON ROUGE, LA.",10,1967,pages_03_04.json
"BATTLE CREEK, MICH","BATTLE CREEK, MICH.",22,1971,pages_03_04.json
"BAY CITY, MICH","BAY CITY, MICH.",13,1967,pages_03_04.json
"BEAUMONT-PORT ARTHUR-ORANGE,","BEAUMONT-PORT ARTHUR-ORANGE,",28,1977,pages_03_04.json
"BEAUMONT-PORT ARTHUR-ORANGE, TEX","BEAUMONT-PORT ARTHUR-ORANGE, TEX.",16,1967,pages_03_04.json
"BILLINGS, MONT","BILLINGS, MONT.",22,1967,pages_03_04.json
"BILOXI-GULFPORT, MISS","BILOXI-GULFPORT, MISS.",22,1968,pages_03_04.json
"BINGHAMTON, NY-PA","BINGHAMTON, N.Y.-PA.",25,1967,pages_03_04.json
"BIRMINGHAM, ALA","BIRMINGHAM, ALA.",28,1967,pages_03_04.json
"BISMARCK, ND","BISMARCK, N.D.",48,1979,pages_03_04.json
"BLOOMINGTON, IND","BLOOMINGTON, IND.. | BLOOMINGTON, IND.",48,1975,pages_03_04.json
"BLOOMINGTON-NORMAL, ILL","BLOOMINGTON-NORMAL, ILL.",31,1967,pages_03_04.json
"BOISE CITY, IDAHO","BOISE CITY, IDAHO | BOISE CITY, IDAHO.",36,1967,pages_03_04.json
"BOSTON, MASS","BOSTON, MASS. | BOSTON, MASS..",39,1967,pages_03_04.json
"BRADENTON, FLA","BRADENTON, FLA.. | BRADENTON, FLA.",62,1977,pages_03_04.json
"BRIDGEPORT, CONN","BRIDGEPORT, CONN. | BRIDGEPORT, CONN..",42,1967,pages_03_04.json
"BRISTOL, CONN","BRISTOL, CONN.",4,1971,pages_05_06.json
"BROCKTON, MASS","BROCKTON, MASS. | BROCKTON, MASS..",45,1967,pages_03_04.json
BROWNSVILLE-HARLINGEN-,BROWNSVILLE-HARLINGEN-,10,1979,pages_05_06.json
"BROWNSVILLE-HARLINGEN-SAN BENITO, TEX","BROWNSVILLE-HARLINGEN-SAN BENITO, TEX. | BROWNSVILLE-HARLINGEN-SAN BENITO, TEX..",48,1967,pages_03_04.json
"BRYAN-COLLEGE STATION, TEX","BRYAN-COLLEGE STATION, TEX. | BRYAN-COLLEGE STATION, TEX..",16,1971,pages_05_06.json
"BUFFALO, NY","BUFFALO, N.Y. | BUFFALO, N.Y..",54,1967,pages_03_04.json
"BURLINGTON, NC","BURLINGTON, N.C.",18,1973,pages_05_06.json
"CANTON, OHIO","CANTON, OHIO",57,1967,pages_03_04.json
"CEDAR RAPIDS, IOWA","CEDAR RAPIDS, IOWA",1,1967,pages_05_06.json
"CHAMPAIGN-URBANA, ILL","CHAMPAIGN-URBANA, ILL.",4,1967,pages_05_06.json
"CHAMPAIGN-URBANA-RANTOUL, ILL","CHAMPAIGN-URBANA-RANTOUL, ILL.",27,1973,pages_05_06.json
"CHARLESTON, SC","CHARLESTON, S.C.",9,1967,pages_05_06.json
"CHARLESTON, WVA","CHARLESTON, W.VA. | CHARLESTON, W.VA..",12,1967,pages_05_06.json
"CHARLESTON-NORTH CHARLESTON,","CHARLESTON-NORTH CHARLESTON,",39,1979,pages_05_06.json
"CHARLESTON-NORTH CHARLESTON, SC","CHARLESTON-NORTH CHARLESTON, S.C. | CHARLESTON-NORTH CHARLESTON, S.C..",36,1975,pages_05_06.json
"CHARLOTTE, NC","CHARLOTTE, N.C.",15,1967,pages_05_06.json
"CHARLOTTE-GASTONIA, NC","CHARLOTTE-GASTONIA, N.C.",39,1973,pages_05_06.json
"CHATTANOOGA, TENN-GA","CHATTANOOGA, TENN.-GA.",18,1967,pages_05_06.json
"CHICAGO, ILL","CHICAGO, ILL. | CHICAGO, ILL..",21,1967,pages_05_06.json
"CINCINNATI, OHIO-KY-IND","CINCINNATI, OHIO-KY.-IND. | CINCINNATI, OHIO-KY.-IND..",24,1967,pages_05_06.json
CLARKSVILLE-HOPKINSVILLE,CLARKSVILLE-HOPKINSVILLE,61,1979,pages_05_06.json
CLARKSVILLE-HOPKINSVILLE TENN-KY,CLARKSVILLE-HOPKINSVILLE TENN.-KY.,53,1974,pages_05_06.json
"CLEVELAND, OHIO","CLEVELAND, OHIO | CLEVELAND, OHIO.",27,1967,pages_05_06.json
"COLORADO SPRINGS, COLO","COLORADO SPRINGS, COLO. | COLORADO SPRINGS, COLO..",30,1967,pages_05_06.json
"COLUMBIA, MO","COLUMBIA, MO. | COLUMBIA, MO..",1,1971,pages_07_08.json
"COLUMBIA, SC","COLUMBIA, S.C.",33,1967,pages_05_06.json
"COLUMBUS, GA-ALA","COLUMBUS, GA.-ALA.",36,1967,pages_05_06.json
"COLUMBUS, OHIO","COLUMBUS, OHIO",39,1967,pages_05_06.json
"CORPUS CHRISTI, TEX","CORPUS CHRISTI, TEX.",42,1967,pages_05_06.json
"DALLAS, TEX","DALLAS, TEX.",45,1967,pages_05_06.json
"DALLAS-FORT WORTH, TEX","DALLAS-FORT WORTH, TEX. | DALLAS-FORT WORTH, TEX..",7,1973,pages_07_08.json
"DANBURY, CONN","DANBURY, CONN.",19,1971,pages_07_08.json
"DAVENPORT-ROCK ISLAND-MOLINE, IOWA-ILL","DAVENPORT-ROCK ISLAND-MOLINE, IOWA-ILL. | DAVENPORT-ROCK ISLAND-MOLINE, IOWA-ILL",48,1967,pages_05_06.json
DAVENPORT-ROCK ISLAND-MOLINE; IOWA-ILL,DAVENPORT-ROCK ISLAND-MOLINE; IOWA-ILL.,48,1968,pages_05_06.json
"DAYTON, OHIO","DAYTON, OHIO",54,1967,pages_05_06.json
"DAYTONA BEACH, FLA","DAYTONA BEACH, FLA. | DAYTONA BEACH, FLA..",31,1971,pages_07_08.json
"DECATUR, ILL","DECATUR, ILL. | DECATUR, ILL..",57,1967,pages_05_06.json
"DENVER, COLO","DENVER, COLO.",1,1967,pages_07_08.json
"DENVER-BOULDER, COLO","DENVER-BOULDER, COLO. | DENVER-BOULDER, COLO..",30,1973,pages_07_08.json
"DES MOINES, IOWA","DES MOINES, IOWA",4,1967,pages_07_08.json
"DETROIT, MICH","DETROIT, MICH.",7,1967,pages_07_08.json
"DUBUQUE, IOWA","DUBUQUE, IOWA | DUBUQUE, IOWA.",10,1967,pages_07_08.json
"DULUTH-SUPERIOR, MINN-WIS","DULUTH-SUPERIOR, MINN.-WIS. | DULUTH-SUPERIOR, MINN.-WIS..",13,1967,pages_07_08.json
"DURHAM, NC","DURHAM, N.C.",18,1967,pages_07_08.json
"EAU CLAIRE, WIS","EAU CLAIRE, WIS. | EAU CLAIRE, WIS .",61,1975,pages_07_08.json
"EL PASO, TEX","EL PASO, TEX. | EL PASO, TEX..",21,1967,pages_07_08.json
"ELKHART, IND","ELKHART, IND.",4A,1979,pages_09_10.json
"ELMIRA, NY","ELMIRA, N.Y.",57,1971,pages_07_08.json
"ENID, OKLA","ENID, OKLA.",8,1979,pages_09_10.json
"ERIE, PA","ERIE, PA.",24,1967,pages_07_08.json
"EUGENE, OREG","EUGENE, OREG.",27,1967,pages_07_08.json
"EUGENE-SPRINGFIELD, OREG","EUGENE-SPRINGFIELD, OREG.",7,1971,pages_09_10.json
"EVANSVILLE, IND-KY","EVANSVILLE, IND.-KY.",30,1967,pages_07_08.json
"FALL RIVER, MASS-RI","FALL RIVER, MASS.-R.I.",33,1967,pages_07_08.json
FARGO-MOOREHEAD ND-MN,FARGO-MOOREHEAD ND-MN.,62,1972,pages_07_08.json
FARGO-MOORHEAD ND-MN,FARGO-MOORHEAD ND-MN,4,1973,pages_09_10.json
"FARGO-MOORHEAD, NDAK-MINN","FARGO-MOORHEAD, N.DAK.-MINN.",36,1967,pages_07_08.json
"FAYETTEVILLE, NC","FAYETTEVILLE, N.C.",41,1967,pages_07_08.json
"FAYETTEVILLE-SPRINGDALE, ARK","FAYETTEVILLE-SPRINGDALE, ARK. | FAYETTEVILLE-SPRINGDALE, ARK..",9,1973,pages_09_10.json
"FITCHBURG-LEOMINSTER, MASS","FITCHBURG-LEOMINSTER, MASS. | FITCHBURG-LEOMINSTER, MASS..",44,1967,pages_07_08.json
"FLINT, MICH","FLINT, MICH.",49,1967,pages_07_08.json
"FLORENCE, ALA","FLORENCE, ALA | FLORENCE, ALA.",34,1971,pages_09_10.json
"FORT COLLINS, COLO","FORT COLLINS, COLO. | FORT COLLINS, COLO..",42,1975,pages_09_10.json
"FORT LAUDERDALE-HOLLYWOOD, FLA","FORT LAUDERDALE-HOLLYWOOD, FLA. | FORT LAUDERDALE-HOLLYWOOD, FLA | FORT LAUDERDALE-HOLLYWOOD, FLA..",52,1967,pages_07_08.json
"FORT MEYERS-CAPE CORAL, FLA","FORT MEYERS-CAPE CORAL, FLA.",53,1978,pages_09_10.json
"FORT MYERS, FLA","FORT MYERS, FLA | FORT MYERS, FLA.",42,1971,pages_09_10.json
"FORT SMITH, ARK-OKLA","FORT SMITH, ARK.-OKLA.",57,1967,pages_07_08.json
"FORT WAYNE, IND","FORT WAYNE, IND.. | FORT WAYNE, IND.",1,1967,pages_09_10.json
"FORT WORTH, TEX","FORT WORTH, TEX. 3 | FORT WORTH, TEX.",4,1967,pages_09_10.json
"FRESNO, CALIF","FRESNO, CALIF. 3 | FRESNO, CALIF.",7,1967,pages_09_10.json
"GADSDEN, ALA","GADSDEN, ALA. | GADSDEN, ALA..",10,1967,pages_09_10.json
"GAINESVILLE, FLA","GAINESVILLE, FLA. | GAINESVILLE, FLA..",1,1971,pages_11_12.json
"GALVESTON-TEXAS CITY, TEX","GALVESTON-TEXAS CITY, TEX.. | GALVESTON-TEXAS CITY, TEX.",13,1967,pages_09_10.json
"GARY-HAMMOND-EAST CHICAGO, IND","GARY-HAMMOND-EAST CHICAGO, IND. | GARY-HAMMOND-EAST CHICAGO, IND | GARY-HAMMOND-EAST CHICAGO, IND..",18,1968,pages_09_10.json
"GARY-HAMMOND-EAST CHICAGO,IND","GARY-HAMMOND-EAST CHICAGO,IND. 3",18,1967,pages_09_10.json
"GASTONIA, NC","GASTONIA, N.C.",15,1971,pages_11_12.json
"GRAND FORKS, ND-MN","GRAND FORKS, ND-MN",15,1977,pages_11_12.json
"GRAND RAPIDS, MICH","GRAND RAPIDS, MICH. 3 | GRAND RAPIDS, MICH. | GRAND RAPIDS, MICH..",24,1967,pages_09_10.json
"GREAT FALLS, MONT","GREAT FALLS, MONT.",27,1967,pages_09_10.json
"GREELEY, COLO","GREELEY, COLO.",18,1975,pages_11_12.json
"GREEN BAY, WIS","GREEN BAY, WIS. | GREEN BAY, WIS..",30,1967,pages_09_10.json
"GREENSBORO-WINSTON-SALEM,","GREENSBORO-WINSTON-SALEM,",33,1978,pages_11_12.json
"GREENSBORO-WINSTON-SALEM, HIGH POINT,","GREENSBORO-WINSTON-SALEM, HIGH POINT,",36,1979,pages_11_12.json
"GREENSBORO-WINSTON-SALEM, HIGH POINT, NC","GREENSBORO-WINSTON-SALEM, HIGH POINT, N.C. | GREENSBORO-WINSTON-SALEM, HIGH POINT, N.C..",1,1972,pages_11_12.json
"GREENSBORO-WINSTON-SALEM-HIGH POINT, NC","GREENSBORO-WINSTON-SALEM-HIGH POINT, N.C. 3 | GREENSBORO-WINSTON-SALEM-HIGH POINT, N.C.",33,1967,pages_09_10.json
"GREENVILLE, S C","GREENVILLE, S. C.",39,1967,pages_09_10.json
"GREENVILLE, SC","GREENVILLE, S.C.",39,1968,pages_09_10.json
"GREENVILLE-SPARTANBURG, SC","GREENVILLE-SPARTANBURG, S.C.",10,1973,pages_11_12.json
"HAMILTON-MIDDLETOWN, OHIO","HAMILTON-MIDDLETOWN, OHIO | HAMILTON-MIDDLETOWN, OHIO.",42,1967,pages_09_10.json
"HARRISBURG, PA","HARRISBURG, PA. | HARRISBURG, PA..",47,1967,pages_09_10.json
"HARTFORD, CONN","HARTFORD, CONN. 3 | HARTFORD, CONN. | HARTFORD, CONN..",50,1967,pages_09_10.json
"HONOLULU, HAWAII","HONOLULU, HAWAII 3 | HONOLULU, HAWAII | HONOLULU, HAWAII .",53,1967,pages_09_10.json
"HOUSTON, TEX","HOUSTON, TEX. 3 | HOUSTON, TEX. | HOUSTON, TEX | HOUSTON, TEX..",56,1967,pages_09_10.json
HUNTINGTON-ASHLAND WV-KY-OH,HUNTINGTON-ASHLAND WV-KY-OH.,27,1972,pages_11_12.json
"HUNTINGTON-ASHLAND, WVA-KY-OHIO","HUNTINGTON-ASHLAND, W.VA.-KY.-OHIO",1,1967,pages_11_12.json
"HUNTSVILLE, ALA","HUNTSVILLE, ALA.",6,1967,pages_11_12.json
"INDIANAPOLIS, IND","INDIANAPOLIS, IND.",9,1967,pages_11_12.json
"IOWA CITY, IOWA","IOWA CITY, IOWA.",7,1979,pages_13_14.json
"JACKSON, MICH","JACKSON, MICH.",12,1967,pages_11_12.json
"JACKSON, MISS","JACKSON, MISS. | JACKSON, MISS",15,1967,pages_11_12.json
"JACKSONVILLE, FLA","JACKSONVILLE, FLA.",18,1967,pages_11_12.json
"JANESVILLE-BELOIT, WIS","JANESVILLE-BELOIT, WIS.. | JANESVILLE-BELOIT, WIS.",13,1978,pages_13_14.json
"JERSEY CITY, NJ","JERSEY CITY, N.J. | JERSEY CITY, N.J..",21,1967,pages_11_12.json
JOHNSON CITY-KINGSPORT-BRISTOL TENN-VA,JOHNSON CITY-KINGSPORT-BRISTOL TENN.-VA.,7,1975,pages_13_14.json
"JOHNSTOWN, PA","JOHNSTOWN, PA.",24,1967,pages_11_12.json
"JOSEPH, MO","JOSEPH, MO..",64,1976,pages_23_24.json
"KALAMAZOO, MICH","KALAMAZOO, MICH.",27,1967,pages_11_12.json
"KALAMAZOO-PORTAGE, MICH","KALAMAZOO-PORTAGE, MICH.",58,1973,pages_11_12.json
"KANKAKEE, ILL","KANKAKEE, ILL.",21,1975,pages_13_14.json
"KANSAS CITY, MO-KANS","KANSAS CITY, MO.-KANS.",30,1967,pages_11_12.json
"KENOSHA, WIS","KENOSHA, WIS. | KENOSHA, WIS..",35,1967,pages_11_12.json
"KILLEEN-TEMPLE, TEX","KILLEEN-TEMPLE, TEX.",30,1971,pages_13_14.json
"KINGSPORT-BRISTOL, TENN-VA","KINGSPORT-BRISTOL, TENN.-VA.",9,1973,pages_13_14.json
"KNOXVILLE, TENN","KNOXVILLE, TENN.",38,1967,pages_11_12.json
"KOKOMO, IND","KOKOMO, IND.",46,1977,pages_13_14.json
"LACROSSE, WIS","LACROSSE, WIS.",38,1971,pages_13_14.json
"LAFAYETTE, LA","LAFAYETTE, LA.",46,1967,pages_11_12.json
"LAFAYETTE-WEST LAFAYETTE, IND","LAFAYETTE-WEST LAFAYETTE, IND.",41,1967,pages_11_12.json
"LAKE CHARLES, LA","LAKE CHARLES, LA. | LAKE CHARLES, LA..",49,1967,pages_11_12.json
"LAKELAND-WINTER HAVEN, FLA","LAKELAND-WINTER HAVEN, FLA. | LAKELAND-WINTER HAVEN, FLA..",52,1971,pages_13_14.json
"LANCASTER, PA","LANCASTER, PA.",52,1967,pages_11_12.json
"LANSING, MICH","LANSING, MICH.",55,1967,pages_11_12.json
"LANSING-EAST LANSING, MICH","LANSING-EAST LANSING, MICH. | LANSING-EAST LANSING, MICH..",1,1971,pages_15_16.json
"LAREDO, TEX","LAREDO, TEX.",1,1967,pages_13_14.json
"LAS CRUCES, NMEX","LAS CRUCES, N.MEX.",28,1979,pages_15_16.json
"LAS VEGAS, NEV","LAS VEGAS, NEV. 3 | LAS VEGAS, NEV.",4,1967,pages_13_14.json
"LAWRENCE, KANS","LAWRENCE, KANS.",15,1977,pages_15_16.json
LAWRENCE-HAVERHILL MA-NH,LAWRENCE-HAVERHILL MA-NH,42,1972,pages_13_14.json
"LAWRENCE-HAVERHILL, MASS-NH","LAWRENCE-HAVERHILL, MASS.-N.H.",7,1967,pages_13_14.json
"LAWTON, OKLA","LAWTON, OKLA.",12,1967,pages_13_14.json
"LEWISTON-AUBURN, MAINE","LEWISTON-AUBURN, MAINE",15,1967,pages_13_14.json
"LEXINGTON, KY","LEXINGTON, KY. 3 | LEXINGTON, KY.",20,1967,pages_13_14.json
"LEXINGTON-FAYETTE, KY","LEXINGTON-FAYETTE, KY.",1,1974,pages_15_16.json
"LIMA, OHIO","LIMA, OHIO",23,1967,pages_13_14.json
"LINCOLN, NEBR","LINCOLN, NEBR.",26,1967,pages_13_14.json
"LITTLE ROCK-N LITTLE ROCK, ARK","LITTLE ROCK-N. LITTLE ROCK, ARK.",4,1973,pages_15_16.json
"LITTLE ROCK-NLITTLE ROCK, ARK","LITTLE ROCK-N.LITTLE ROCK, ARK.",64,1972,pages_13_14.json
"LITTLE ROCK-NORTH LITTLE ROCK, ARK","LITTLE ROCK-NORTH LITTLE ROCK, ARK. 3 | LITTLE ROCK-NORTH LITTLE ROCK, ARK.",29,1967,pages_13_14.json
"LONG BRANCH-ASBURY PARK, NJ","LONG BRANCH-ASBURY PARK, N.J. | LONG BRANCH-ASBURY PARK, N.J..",39,1971,pages_15_16.json
"LONGVIEW, TEX","LONGVIEW, TEX.",39,1975,pages_15_16.json
"LONGVIEW-MARSHALL, TEX","LONGVIEW-MARSHALL, TEX.",58,1978,pages_15_16.json
"LORAIN-ELYRIA, OHIO","LORAIN-ELYRIA, OHIO | LORAIN-ELYRIA, OHIO.",34,1967,pages_13_14.json
"LOS ANGELES-LONG BEACH, CALIF","LOS ANGELES-LONG BEACH, CALIF. 3 | LOS ANGELES-LONG BEACH, CALIF.",39,1967,pages_13_14.json
LOUISVILLE KY-IND,LOUISVILLE KY.-IND.,16,1979,pages_17_18.json
"LOUISVILLE, KY-IND","LOUISVILLE, KY.-IND. 3 | LOUISVILLE, KY.-IND.",44,1967,pages_13_14.json
"LOWELL, MASS","LOWELL, MASS.",47,1967,pages_13_14.json
"LOWELL, MASS-NH","LOWELL, MASS.-N.H.",27,1973,pages_15_16.json
"LUBBOCK, TEX","LUBBOCK, TEX. 3 | LUBBOCK, TEX. | LUBBOCK, TEX.3",50,1967,pages_13_14.json
"LYNCHBURG, VA","LYNCHBURG, VA.",53,1967,pages_13_14.json
"MACON, GA","MACON, GA.",7,1967,pages_15_16.json
"MADISON, WIS","MADISON, WIS. | MADISON, WIS.3",10,1967,pages_15_16.json
"MANCHESTER, NH","MANCHESTER, N.H.",13,1967,pages_15_16.json
"MANSFIELD, OHIO","MANSFIELD, OHIO | MANSFIELD, OHIO.",16,1967,pages_15_16.json
"MCALLEN-PHARR-EDINBURG, TEX","MCALLEN-PHARR-EDINBURG, TEX.",1,1967,pages_15_16.json
"MELBOURNE-TITUSVILLE-COCOA, FLA","MELBOURNE-TITUSVILLE-COCOA, FLA.",25,1971,pages_17_18.json
"MEMPHIS, TENN-ARK","MEMPHIS, TENN.-ARK. | MEMPHIS, TENN.-ARK.3",19,1967,pages_15_16.json
"MEMPHIS, TENN-ARK-MISS","MEMPHIS, TENN.-ARK.-MISS.. | MEMPHIS, TENN.-ARK.-MISS.",60,1973,pages_15_16.json
"MERIDEN, CONN","MERIDEN, CONN.",22,1967,pages_15_16.json
"MIAMI, FLA","MIAMI, FLA. | MIAMI, FLA.3 | MIAMI, FLA..",25,1967,pages_15_16.json
"MIDLAND, TEX","MIDLAND, TEX.",28,1967,pages_15_16.json
"MILWAUKEE, WIS","MILWAUKEE, WIS. | MILWAUKEE, WIS.3",31,1967,pages_15_16.json
"MINNEAPOLIS-ST PAUL, MINN","MINNEAPOLIS-ST. PAUL, MINN. | MINNEAPOLIS-ST. PAUL, MINN.3 | MINNEAPOLIS-ST. PAUL, MINN..",34,1967,pages_15_16.json
"MINNEAPOLIS-ST PAUL, MN-WI","MINNEAPOLIS-ST. PAUL, MN-WI.",7,1973,pages_17_18.json
"MOBILE, ALA","MOBILE, ALA. | MOBILE, ALA",39,1967,pages_15_16.json
"MODESTO, CALIF","MODESTO, CALIF. | MODESTO, CALIF..",54,1971,pages_17_18.json
"MONROE, LA","MONROE, LA. | MONROE, LA..",42,1967,pages_15_16.json
"MONTGOMERY, ALA","MONTGOMERY, ALA.",45,1967,pages_15_16.json
"MUNCIE, IND","MUNCIE, IND.",48,1967,pages_15_16.json
"MUSKEGON-MUSKEGON HEIGHTS, MICH","MUSKEGON-MUSKEGON HEIGHTS, MICH.",51,1967,pages_15_16.json
"MUSKEGON-MUSKEGON HGHTS, MICH","MUSKEGON-MUSKEGON HGHTS, MICH.",7,1971,pages_19_20.json
MUSKEGON-NORTON SHORES-,MUSKEGON-NORTON SHORES-,57,1975,pages_17_18.json
MUSKEGON-NORTON SHORES-MUSKEGON HEIGHTS,MUSKEGON-NORTON SHORES-MUSKEGON HEIGHTS.,21,1979,pages_19_20.json
"MUSKEGON-NORTON SHORES-MUSKEGON HEIGHTS, MICH","MUSKEGON-NORTON SHORES-MUSKEGON HEIGHTS, MICH.",1,1977,pages_19_20.json
"NASHUA, NH","NASHUA, N.H.",12,1971,pages_19_20.json
NASHVILLE AND DAVIDSON COUNTY TENN,NASHVILLE AND DAVIDSON COUNTY TENN.3,56,1968,pages_15_16.json
"NASHVILLE, TENN","NASHVILLE, TENN.",56,1967,pages_15_16.json
"NASHVILLE-DAVIDSON, TENN","NASHVILLE-DAVIDSON, TENN. | NASHVILLE-DAVIDSON, TENN..",35,1973,pages_17_18.json
NASSAU-SUFFOLK,NASSAU-SUFFOLK 2.,66,1972,pages_17_18.json
"NASSAU-SUFFOLK, NY","NASSAU-SUFFOLK, N.Y.",38,1973,pages_17_18.json
"NEW BEDFORD, MASS","NEW BEDFORD, MASS. | NEW BEDFORD, MASS",4,1967,pages_17_18.json
"NEW BRITAIN, CONN","NEW BRITAIN, CONN.",7,1967,pages_17_18.json
"NEW BRUNSWICK-PERTH AMBOY-SAYREVILLE,","NEW BRUNSWICK-PERTH AMBOY-SAYREVILLE,",41,1979,pages_19_20.json
"NEW BRUNSWICK-PERTH AMBOY-SAYREVILLE, NJ","NEW BRUNSWICK-PERTH AMBOY-SAYREVILLE, N.J. | NEW BRUNSWICK-PERTH AMBOY- SAYREVILLE, N.J..",27,1971,pages_19_20.json
"NEW HAVEN, CONN","NEW HAVEN, CONN.",10,1967,pages_17_18.json
"NEW HAVEN-WEST HAVEN, CONN","NEW HAVEN-WEST HAVEN, CONN. | NEW HAVEN-WEST HAVEN, CONN..",55,1973,pages_17_18.json
"NEW LONDON-GROTON-NORWICH, CONN","NEW LONDON-GROTON-NORWICH, CONN.",13,1967,pages_17_18.json
"NEW LONDON-NORWICH, CT-RI","NEW LONDON-NORWICH, CT.-R.I.",60,1973,pages_17_18.json
"NEW ORLEANS, LA","NEW ORLEANS, LA.",19,1967,pages_17_18.json
"NEW YORK, NY","NEW YORK, N.Y.",27,1967,pages_17_18.json
"NEW YORK, NY-NJ","NEW YORK, N.Y.-N.J. | NEW YORK, N.Y.-N.J..",6,1973,pages_19_20.json
"NEWARK, NJ","NEWARK, N.J.",1,1967,pages_17_18.json
"NEWPORT NEWS-HAMPTON, VA","NEWPORT NEWS-HAMPTON, VA. | NEWPORT NEWS-HAMPTON, VA.. | NEWPORT NEWS-HAMPTON, VA.. . . . . . .",22,1967,pages_17_18.json
"NORFOLK-PORTSMOUTH, VA","NORFOLK-PORTSMOUTH, VA.",35,1967,pages_17_18.json
NORFOLK-VIRGINIA BEACH-PORTSMOUT VA-NC,NORFOLK-VIRGINIA BEACH-PORTSMOUT VA.-N.C..,22,1974,pages_19_20.json
NORFOLK-VIRGINIA BEACH-PORTSMOUTH VA-NC,NORFOLK-VIRGINIA BEACH-PORTSMOUTH VA.-N.C.,14,1973,pages_19_20.json
"NORFOLK-VIRGINIA BEACH-PORTSMOUTH, VA","NORFOLK-VIRGINIA BEACH-PORTSMOUTH, VA.",52,1971,pages_19_20.json
"NORFOLK-VIRGINIA BEACH-PORTSMOUTH, VA-NC","NORFOLK-VIRGINIA BEACH-PORTSMOUTH, VA-NC | NORFOLK-VIRGINIA BEACH- PORTSMOUTH, VA-NC | NORFOLK-VIRGINIA BEACH-PORTSMOUTH, VA-NC . . . . . . . . . .",47,1975,pages_19_20.json
"NORTHEAST PENNSYLVANIA, PA","NORTHEAST PENNSYLVANIA, PA. | NORTHEAST PENNSYLVANIA, PA.. | NORTHEAST PENNSYLVANIA, PA.. . . . . .",20,1973,pages_19_20.json
"NORWALK, CONN","NORWALK, CONN. | NORWALK, CONN. . . . . . . . . . . . .",40,1967,pages_17_18.json
"NORWICH-GROTON- NEW LONDON, CONN","NORWICH-GROTON-
NEW LONDON, CONN.",4,1971,pages_21_22.json
"NORWICH-GROTON-NEW LONDON, CONN","NORWICH-GROTON-NEW LONDON, CONN.",10,1972,pages_19_20.json
"ODESSA, TEX","ODESSA, TEX. | ODESSA, TEX. . . . . . . . . . . . . .",43,1967,pages_17_18.json
"OGDEN, UTAH","OGDEN, UTAH",46,1967,pages_17_18.json
"OKLAHOMA CITY, OKLA","OKLAHOMA CITY, OKLA. | OKLAHOMA CITY, OKLA. . . . . . . . . .",49,1967,pages_17_18.json
"OMAHA, NEBR-IOWA","OMAHA, NEBR.-IOWA | OMAHA, NEBR.-IOWA. | OMAHA, NEBR.-IOWA. . . . . . . . . .",52,1967,pages_17_18.json
"ORLANDO, FLA","ORLANDO, FLA. | ORLANDO, FLA.. | ORLANDO, FLA.. . . . . . . . . . . .",55,1967,pages_17_18.json
"OWENSBORO, KENTUCKY","OWENSBORO, KENTUCKY",25,1971,pages_21_22.json
"OWENSBORO, KY","OWENSBORO, KY. | OWENSBORO, KY. . . . . . . . . . . .",31,1972,pages_19_20.json
"OXNARD-SIMI VALLEY- VENTURA, CALIF","OXNARD-SIMI VALLEY-
VENTURA, CALIF.",28,1971,pages_21_22.json
"OXNARD-SIMI VALLEY-VENTURA, CALIF","OXNARD-SIMI VALLEY-VENTURA, CALIF.. | OXNARD-SIMI VALLEY-VENTURA, CALIF. | OXNARD-SIMI VALLEY-VENTURA, CALIF.. . . . . . . . . . . . . . . . .",34,1972,pages_19_20.json
"OXNARD-VENTURA, CALIF","OXNARD-VENTURA, CALIF.",1,1967,pages_19_20.json
"PANAMA CITY, FLA","PANAMA CITY, FLA. | PANAMA CITY, FLA.. . . . . . . . . .",22,1977,pages_21_22.json
PARKERSBURG-MARIETTA WV OHIO,PARKERSBURG-MARIETTA W.V. OHIO,40,1972,pages_19_20.json
PARKERSBURG-MARIETTA WV-OH,PARKERSBURG-MARIETTA WV-OH | PARKERSBURG-MARIETTA WV-OH . . . . .,46,1973,pages_19_20.json
"PARKERSBURG-MARIETTA, WVA-OHIO","PARKERSBURG-MARIETTA,
W.VA.-OHIO",34,1971,pages_21_22.json
"PASCAGOULA-MOSS POINT, MISS","PASCAGOULA-MOSS POINT, MISS. | PASCAGOULA-MOSS POINT, MISS. . . . .",18,1975,pages_21_22.json
"PATERSON-CLIFTON-PASSAIC, NJ","PATERSON-CLIFTON-PASSAIC, N.J. | PATERSON-CLIFTON-PASSAIC, N.J. . . .",6,1967,pages_19_20.json
"PENSACOLA, FLA","PENSACOLA, FLA. | PENSACOLA, FLA.. | PENSACOLA, FLA.. . . . . . . . . . .",12,1967,pages_19_20.json
"PEORIA, ILL","PEORIA, ILL. | PEORIA, ILL.. | PEORIA, ILL. . . . . . . . . . . . .",15,1967,pages_19_20.json
"PETERSBURG-COL HTS-HOPEWELL, VA","PETERSBURG-COL HTS-HOPEWELL, VA.",57,1972,pages_19_20.json
"PETERSBURG-COLONIAL HEIGHTS-HOPEWELL,","PETERSBURG-COLONIAL HEIGHTS-HOPEWELL,",1,1979,pages_23_24.json
"PETERSBURG-COLONIAL HEIGHTS-HOPEWELL, VA","PETERSBURG-COLONIAL HEIGHTS-HOPEWELL, VA. | PETERSBURG-COLONIAL HEIGHTS- HOPEWELL, VA.",63,1973,pages_19_20.json
"PETERSBURG-COLONIAL HGTS- HOPEWELL, VA","PETERSBURG-COLONIAL HGTS.-
HOPEWELL, VA.",51,1971,pages_21_22.json
"PHILADELPHIA, PA-NJ","PHILADELPHIA, PA.-N.J.",18,1967,pages_19_20.json
"PHOENIX, ARIZ","PHOENIX, ARIZ.",21,1967,pages_19_20.json
"PINE BLUFF, ARK","PINE BLUFF, ARK.",24,1967,pages_19_20.json
"PITTSBURGH, PA","PITTSBURGH, PA. | PITTSBURGH, PA..",27,1967,pages_19_20.json
"PITTSFIELD, MASS","PITTSFIELD, MASS. | PITTSFIELD, MASS..",30,1967,pages_19_20.json
"PORTLAND, MAINE","PORTLAND, MAINE | PORTLAND, MAINE.",33,1967,pages_19_20.json
"PORTLAND, OREG-WASH","PORTLAND, OREG.-WASH. | PORTLAND, OREG.-WASH..",36,1967,pages_19_20.json
"POUGHKEEPSIE, NY","POUGHKEEPSIE, N.Y.",19,1971,pages_23_24.json
"PROVIDENCE-PAWTUCKET-WARWICK, RI-MASS","PROVIDENCE-PAWTUCKET-WARWICK, R.I.-MASS.",39,1967,pages_19_20.json
"PROVIDENCE-WARWICK-PAWTUCKET, RI-MASS","PROVIDENCE-WARWICK-PAWTUCKET, R.I.-MASS.",19,1972,pages_21_22.json
PROVIDENCE-WARWICK-PAWTUCKET-RI-MASS,PROVIDENCE-WARWICK-PAWTUCKET-R.I.-MASS.,22,1971,pages_23_24.json
"PROVO-OREM, UTAH","PROVO-OREM, UTAH | PROVO-OREM, UTAH.",45,1967,pages_19_20.json
"PUEBLO, COLO","PUEBLO, COLO. | PUEBLO, COLO..",50,1967,pages_19_20.json
"RACINE, WIS","RACINE, WIS.",53,1967,pages_19_20.json
"RALEIGH, NC","RALEIGH, N.C.",56,1967,pages_19_20.json
"RALEIGH-DURHAM, NC","RALEIGH-DURHAM, N.C.",42,1973,pages_21_22.json
"RAPID CITY, SDAK","RAPID CITY, S.DAK.",44,1978,pages_23_24.json
"READING, PA","READING, PA.",1,1967,pages_21_22.json
"RENO, NEV","RENO, NEV.",4,1967,pages_21_22.json
"RICHLAND-KENNEWICK, WASH","RICHLAND-KENNEWICK, WASH.",48,1971,pages_23_24.json
"RICHLAND-KENNEWICK-PASCO, WASH","RICHLAND-KENNEWICK-PASCO, WASH.",53,1978,pages_23_24.json
"RICHMOND, VA","RICHMOND, VA. | RICHMOND, VA.3 | RICHMOND, VA..",7,1967,pages_21_22.json
"RIVERSIDE-SAN BERNADINO-ONTARIO, CALIF","RIVERSIDE-SAN BERNADINO-ONTARIO, CALIF.",1,1971,pages_25_26.json
RIVERSIDE-SAN BERNARDINO-,RIVERSIDE-SAN BERNARDINO-,37,1976,pages_23_24.json
"RIVERSIDE-SAN BERNARDINO-ONTARIO,","RIVERSIDE-SAN BERNARDINO-ONTARIO,",4,1979,pages_25_26.json
"RIVERSIDE-SAN BERNARDINO-ONTARIO, CALIF","RIVERSIDE-SAN BERNARDINO-ONTARIO, CALIF. | RIVERSIDE-SAN BERNARDINO- ONTARIO, CALIF.",53,1972,pages_21_22.json
"ROANOKE, VA","ROANOKE, VA.",10,1967,pages_21_22.json
"ROCHESTER, MINN","ROCHESTER, MINN.",10,1971,pages_25_26.json
"ROCHESTER, NY","ROCHESTER, N.Y. | ROCHESTER, N.Y.3 | ROCHESTER, N.Y..",13,1967,pages_21_22.json
"ROCKFORD, ILL","ROCKFORD, ILL.",16,1967,pages_21_22.json
"SACRAMENTO, CALIF","SACRAMENTO, CALIF. | SACRAMENTO, CALIF.3",19,1967,pages_21_22.json
"SAGINAW, MICH","SAGINAW, MICH.",22,1967,pages_21_22.json
"SALEM, OREG","SALEM, OREG.",31,1967,pages_21_22.json
"SALINAS-MONTEREY, CALIF","SALINAS-MONTEREY, CALIF.",34,1967,pages_21_22.json
"SALINAS-SEASIDE-MONTEREY, CALIF","SALINAS-SEASIDE-MONTEREY, CALIF.",34,1971,pages_25_26.json
"SALT LAKE CITY, UTAH","SALT LAKE CITY, UTAH | SALT LAKE CITY, UTAH3",39,1967,pages_21_22.json
"SALT LAKE CITY-OGDEN, UTAH","SALT LAKE CITY-OGDEN, UTAH",37,1973,pages_23_24.json
"SAN ANGELO, TEX","SAN ANGELO, TEX.",42,1967,pages_21_22.json
"SAN ANTONIO, TEX","SAN ANTONIO, TEX. | SAN ANTONIO, TEX.3 | SAN ANTONIO, TEX..",45,1967,pages_21_22.json
"SAN BERNARDINO-RIVERSIDE-ONTARIO, CALIF","SAN BERNARDINO-RIVERSIDE- ONTARIO, CALIF. | SAN BERNARDINO-RIVERSIDE-ONTARIO, CALIF.3 | SAN BERNARDINO-RIVERSIDE-ONTARIO, CALIF.",48,1967,pages_21_22.json
"SAN DIEGO, CALIF","SAN DIEGO, CALIF. | SAN DIEGO, CALIF.3 | SAN DIEGO, CALIF..",54,1967,pages_21_22.json
"SAN FRANCISCO, CALIF","SAN FRANCISCO, CALIF.",1,1967,pages_23_24.json
SAN FRANCISCO-OAKLAND CALIF,SAN FRANCISCO-OAKLAND CALIF.,52,1971,pages_25_26.json
"SAN FRANCISCO-OAKLAND, CALIF","SAN FRANCISCO-OAKLAND, CALIF. | SAN FRANCISCO-OAKLAND, CALIF..",1,1968,pages_23_24.json
"SAN JOSE, CALIF","SAN JOSE, CALIF.",6,1967,pages_23_24.json
"SANTA BARBARA, CALIF","SANTA BARBARA, CALIF.",9,1967,pages_23_24.json
"SANTA BARBARA-SANTA MARIA-LOMPOC,","SANTA BARBARA-SANTA MARIA-LOMPOC,",1,1979,pages_27_28.json
"SANTA BARBARA-SANTA MARIA-LOMPOC, CALIF","SANTA BARBARA-SANTA MARIA-LOMPOC, CALIF. | SANTA BARBARA-SANTA MARIA- LOMPOC, CALIF..",1,1971,pages_27_28.json
"SANTA CRUZ, CALIF","SANTA CRUZ, CALIF. | SANTA CRUZ, CALIF. . . . .",7,1971,pages_27_28.json
"SANTA ROSA, CALIF","SANTA ROSA, CALIF. | SANTA ROSA, CALIF. . . . .",10,1971,pages_27_28.json
"SARASOTA, FLA","SARASOTA, FLA. | SARASOTA, FLA. . . . . . .",13,1971,pages_27_28.json
"SAVANNAH, GA","SAVANNAH, GA. | SAVANNAH, GA . . . . . . .",12,1967,pages_23_24.json
"SCRANTON, PA","SCRANTON, PA.",15,1967,pages_23_24.json
"SEATTLE-EVERETT, WASH","SEATTLE-EVERETT, WASH. | SEATTLE-EVERETT, WASH. . .",18,1967,pages_23_24.json
"SHERMAN-DENISON, TEX","SHERMAN-DENISON, TEX. | SHERMAN-DENISON, TEX.. | SHERMAN-DENISON, TEX . . .",23,1967,pages_23_24.json
"SHREVEPORT, LA","SHREVEPORT, LA. | SHREVEPORT, LA.. | SHREVEPORT, LA . . . . . .",28,1967,pages_23_24.json
"SIOUX CITY, IOWA-NEBR","SIOUX CITY, IOWA-NEBR. | SIOUX CITY, IOWA-NEBR. . .",31,1967,pages_23_24.json
"SIOUX FALLS, SDAK","SIOUX FALLS, S.DAK. | SIOUX FALLS, S.DAK.. | SIOUX FALLS, S.DAK . . . .",34,1967,pages_23_24.json
"SOUTH BEND, IND","SOUTH BEND, IND. | SOUTH BEND, IND. . . . . .",37,1967,pages_23_24.json
"SPARTANBURG, SC","SPARTANBURG, S.C.",44,1971,pages_27_28.json
"SPOKANE, WASH","SPOKANE, WASH. | SPOKANE, WASH. . . . . . .",40,1967,pages_23_24.json
"SPRINGFIELD, ILL","SPRINGFIELD, ILL. | SPRINGFIELD, ILL.. | SPRINGFIELD, ILL . . . . .",43,1967,pages_23_24.json
"SPRINGFIELD, MO","SPRINGFIELD, MO. | SPRINGFIELD, MO. . . . . .",46,1967,pages_23_24.json
"SPRINGFIELD, OHIO","SPRINGFIELD, OHIO | SPRINGFIELD, OHIO. | SPRINGFIELD, OHIO. . . . .",49,1967,pages_23_24.json
"SPRINGFIELD-CHICOPEE-HOLYOKE, MASS CONN","SPRINGFIELD-CHICOPEE-HOLYOKE, MASS. CONN.",57,1970,pages_05_06.json
"SPRINGFIELD-CHICOPEE-HOLYOKE, MASS-CONN","SPRINGFIELD-CHICOPEE-HOLYOKE, MASS.-CONN.",52,1967,pages_23_24.json
"ST CLOUD, MINN","ST. CLOUD, MINN.",19,1973,pages_23_24.json
"ST JOSEPH, MO","ST. JOSEPH, MO. | ST. JOSEPH, MO..",25,1967,pages_21_22.json
"ST LOUIS, MO-ILL","ST. LOUIS, MO.-ILL. | ST. LOUIS, MO.-ILL.3 | ST. LOUIS, MO.-ILL..",28,1967,pages_21_22.json
"STAMFORD, CONN","STAMFORD, CONN. | STAMFORD, CONN.. | STAMFORD, CONN . . . . . .",1,1967,pages_25_26.json
STEUBENVILLE-WEIRTON OH-WV,STEUBENVILLE-WEIRTON OH-WV,50,1972,pages_25_26.json
"STEUBENVILLE-WEIRTON, OHIO-WVA","STEUBENVILLE-WEIRTON, OHIO-W.VA.",4,1967,pages_25_26.json
"STOCKTON, CALIF","STOCKTON, CALIF.",9,1967,pages_25_26.json
"SYRACUSE, NY","SYRACUSE, N.Y.",12,1967,pages_25_26.json
"TACOMA, WASH","TACOMA, WASH. | TACOMA, WASH..",15,1967,pages_25_26.json
"TALLAHASSEE, FLA","TALLAHASSEE, FLA. | TALLAHASSEE, FLA..",18,1967,pages_25_26.json
"TAMPA-ST PETERSBURG, FLA","TAMPA-ST. PETERSBURG, FLA.",21,1967,pages_25_26.json
"TERRE HAUTE, IND","TERRE HAUTE, IND. | TERRE HAUTE, IND..",26,1967,pages_25_26.json
"TEXARKANA, TEX-ARK","TEXARKANA, TEX.-ARK.",29,1967,pages_25_26.json
"TEXARKANA, TX-TEXARKANA, AR","TEXARKANA, TX-TEXARKANA, AR.",12,1973,pages_27_28.json
"TOLEDO, OHIO-MICH","TOLEDO, OHIO-MICH.",34,1967,pages_25_26.json
"TOPEKA, KANS","TOPEKA, KANS.",37,1967,pages_25_26.json
"TRENTON, NJ","TRENTON, N.J.",40,1967,pages_25_26.json
"TUCSON, ARIZ","TUCSON, ARIZ.",43,1967,pages_25_26.json
"TULSA, OKLA","TULSA, OKLA.",46,1967,pages_25_26.json
"TUSCALOOSA, ALA","TUSCALOOSA, ALA.",49,1967,pages_25_26.json
"TYLER, TEX","TYLER, TEX. | TYLER, TEX..",52,1967,pages_25_26.json
"UTICA-ROME, NY","UTICA-ROME, N.Y.",1,1967,pages_27_28.json
"VALLEJO-FAIRFIELD-NAPA, CALIF","VALLEJO-FAIRFIELD-NAPA, CALIF.",9,1971,pages_31_32.json
"VALLEJO-NAPA, CALIF","VALLEJO-NAPA, CALIF.",6,1967,pages_27_28.json
"VINELAND-MILLV-BRIDGETON, NJ","VINELAND-MILLV.-BRIDGETON, N.J.",46,1972,pages_27_28.json
"VINELAND-MILLVILLE-BRIDGETON,","VINELAND-MILLVILLE-BRIDGETON,",49,1978,pages_29_30.json
"VINELAND-MILLVILLE-BRIDGETON, NJ","VINELAND-MILLVILLE-BRIDGETON, N.J. | VINELAND-MILLVILLE-BRIDGETON, N.J... | VINELAND-MILLVILLE-BRIDGETON, N.J..",6,1968,pages_27_28.json
"WACO, TEX","WACO, TEX.",11,1967,pages_27_28.json
"WASHINGTON, DC-MD-VA","WASHINGTON, D.C.-MD.-VA.",14,1967,pages_27_28.json
"WATERBURY, CONN","WATERBURY, CONN.",17,1967,pages_27_28.json
"WATERLOO, IOWA","WATERLOO, IOWA",20,1967,pages_27_28.json
"WATERLOO-CEDAR FALLS, IOWA","WATERLOO-CEDAR FALLS, IOWA",64,1973,pages_27_28.json
"WEST PALM BEACH, FLA","WEST PALM BEACH, FLA.",23,1967,pages_27_28.json
"WEST PALM BEACH-BOCA RATON, FLA","WEST PALM BEACH-BOCA RATON, FLA.",1,1973,pages_29_30.json
"WHEELING, W VA-OHIO","WHEELING, W. VA.-OHIO",1,1972,pages_29_30.json
"WHEELING, WVA-OHIO","WHEELING, W.VA.-OHIO | WHEELING, W.VA.-OHIO.",26,1967,pages_27_28.json
"WICHITA FALLS, TEX","WICHITA FALLS, TEX. | WICHITA FALLS, TEX..",32,1967,pages_27_28.json
"WICHITA, KANS","WICHITA, KANS.",29,1967,pages_27_28.json
"WILKES-BARRE-HAZELTON, PA","WILKES-BARRE-HAZELTON, PA.",45,1971,pages_31_32.json
"WILKES-BARRE-HAZLETON, PA","WILKES-BARRE-HAZLETON, PA.",35,1967,pages_27_28.json
"WILLIAMSPORT, PA","WILLIAMSPORT, PA. | WILLIAMSPORT, PA..",50,1971,pages_31_32.json
"WILMINGTON, DEL-NJ-MD","WILMINGTON, DEL.-N.J.-MD. | WILMINGTON, DEL.-N.J.-MD..",40,1967,pages_27_28.json
"WILMINGTON, NC","WILMINGTON, N.C.",43,1967,pages_27_28.json
"WORCESTER, MASS","WORCESTER, MASS.",46,1967,pages_27_28.json
"YAKIMA, WASH","YAKIMA, WASH. | YAKIMA, WASH..",4,1971,pages_33_34.json
"YORK, PA","YORK, PA. | YORK, PA..",49,1967,pages_27_28.json
"YOUNGSTOWN-WARREN, OHIO","YOUNGSTOWN-WARREN, OHIO | YOUNGSTOWN-WARREN, OHIO.",52,1967,pages_27_28.json
